Point_X,Point_Y,Tree_Name,Tree_Id,Genus,Species,Common_Name,Diameter,Tree__Height,ZONE_GEN,PageName,Status
-78.92094898,36.0249562,M19-QUPH-001,2248527,Quercus,phellos,Willow oak,18,40-60,RES_MEDIUM_DENSITY,M19,done
-78.9112439,36.0254567,M20-QUPH-001,2942827,Quercus,phellos,Willow oak,2,0-20,RES_HIGH_DENSITY,M20,done
-78.91084479,36.02545641,M20-QUPH-002,2942828,Quercus,phellos,Willow oak,2,0-20,RES_HIGH_DENSITY,M20,done
-78.91059883,36.02546477,M20-QUPH-003,2942829,Quercus,phellos,Willow oak,2,0-20,RES_HIGH_DENSITY,M20,replace
-78.91020477,36.02545828,M20-QUPH-004,2942830,Quercus,phellos,Willow oak,2,0-20,RES_HIGH_DENSITY,M20,done
-78.90180415,36.02384493,M21-QUPH-001,2248605,Quercus,phellos,Willow oak,22,40-60,RES_MEDIUM_DENSITY,M21,done
-78.90166968,36.0237643,M21-QUPH-002,2250335,Quercus,phellos,Willow oak,31,40-60,RES_MEDIUM_DENSITY,M21,done
-78.925623,36.01736811,N18-QUPH-001,2248740,Quercus,phellos,Willow oak,15,20-40,RES_MEDIUM_DENSITY,N18,done
-78.9257504,36.01737678,N18-QUPH-002,2248804,Quercus,phellos,Willow oak,17,20-40,RES_MEDIUM_DENSITY,N18,done
-78.93224001,36.01775536,N18-QUPH-003,2248966,Quercus,phellos,Willow oak,30,60-80,RES_MEDIUM_DENSITY,N18,done
-78.92636731,36.0175319,N18-QUPH-004,2249075,Quercus,phellos,Willow oak,26,40-60,RES_MEDIUM_DENSITY,N18,done
-78.93072322,36.01770003,N18-QUPH-005,2249250,Quercus,phellos,Willow oak,37,80+,RES_MEDIUM_DENSITY,N18,done
-78.93097669,36.01770329,N18-QUPH-006,2249252,Quercus,phellos,Willow oak,37,60-80,RES_MEDIUM_DENSITY,N18,done
-78.92498732,36.01734424,N18-QUPH-007,2249386,Quercus,phellos,Willow oak,31,40-60,RES_MEDIUM_DENSITY,N18,done
-78.92867938,36.01748634,N18-QUPH-008,2249411,Quercus,phellos,Willow oak,31,80+,RES_MEDIUM_DENSITY,N18,done
-78.93591195,36.01775644,N18-QUPH-009,2249427,Quercus,phellos,Willow oak,31,60-80,RES_MEDIUM_DENSITY,N18,done
-78.93123552,36.01771522,N18-QUPH-010,2249564,Quercus,phellos,Willow oak,36,60-80,RES_MEDIUM_DENSITY,N18,done
-78.92717198,36.01755576,N18-QUPH-011,2249779,Quercus,phellos,Willow oak,34,60-80,RES_MEDIUM_DENSITY,N18,done
-78.93164676,36.0175972,N18-QUPH-012,2250001,Quercus,phellos,Willow oak,25,40-60,RES_MEDIUM_DENSITY,N18,done
-78.9255023,36.01749177,N18-QUPH-013,2304090,Quercus,phellos,Willow oak,7,0-20,RES_MEDIUM_DENSITY,N18,done
-78.92501706,36.01747184,N18-QUPH-014,2829408,Quercus,phellos,Willow oak,7,0-20,RES_MEDIUM_DENSITY,N18,done
-78.92192692,36.017226,N19-QUPH-001,2248554,Quercus,phellos,Willow oak,22,40-60,RES_MEDIUM_DENSITY,N19,done
-78.91560495,36.01673245,N19-QUPH-002,2248604,Quercus,phellos,Willow oak,19,40-60,RES_HIGH_DENSITY,N19,done
-78.91910255,36.0199031,N19-QUPH-003,2248718,Quercus,phellos,Willow oak,23,40-60,RES_MEDIUM_DENSITY,N19,unkown
-78.91911048,36.01930588,N19-QUPH-004,2248959,Quercus,phellos,Willow oak,30,60-80,RES_MEDIUM_DENSITY,N19,done
-78.91375959,36.01704051,N19-QUPH-005,2249127,Quercus,phellos,Willow oak,27,60-80,RES_HIGH_DENSITY,N19,check
-78.91419545,36.01692228,N19-QUPH-006,2249137,Quercus,phellos,Willow oak,27,,RES_HIGH_DENSITY,N19,done
-78.91772356,36.01946081,N19-QUPH-007,2249532,Quercus,phellos,Willow oak,36,60-80,RES_HIGH_DENSITY,N19,replace
-78.91786471,36.0195625,N19-QUPH-008,2249661,Quercus,phellos,Willow oak,34,60-80,RES_HIGH_DENSITY,N19,replace
-78.91795993,36.01566939,N19-QUPH-009,2249687,Quercus,phellos,Willow oak ,35,60-80,RES_HIGH_DENSITY,N19,done
-78.92334765,36.01740923,N19-QUPH-010,2249939,Quercus,phellos,Willow oak,40,80+,RES_MEDIUM_DENSITY,N19,done
-78.92183874,36.01735861,N19-QUPH-011,2249988,Quercus,phellos,Willow oak,25,60-80,RES_MEDIUM_DENSITY,N19,done
-78.91430676,36.01574098,N19-QUPH-012,2250102,Quercus,phellos,Willow oak,39,60-80,RES_HIGH_DENSITY,N19,replace
-78.91778213,36.01861805,N19-QUPH-013,2250106,Quercus,phellos,Willow oak,26,40-60,RES_HIGH_DENSITY,N19,done
-78.91696852,36.01428305,N19-QUPH-014,2250181,Quercus,phellos,Willow oak,27,40-60,RES_HIGH_DENSITY,N19,done
-78.92266989,36.01737895,N19-QUPH-015,2250182,Quercus,phellos,Willow oak,43,60-80,RES_MEDIUM_DENSITY,N19,done
-78.92254382,36.01724878,N19-QUPH-016,2250409,Quercus,phellos,Willow oak,29,40-60,RES_MEDIUM_DENSITY,N19,done
-78.92400831,36.01729748,N19-QUPH-017,2304972,Quercus,phellos,Willow oak,31,20-40,RES_MEDIUM_DENSITY,N19,done
-78.9221099,36.02123066,N19-QUPH-018,2907073,Quercus,phellos,Willow oak,31,60-80,RES_MEDIUM_DENSITY,N19,done
-78.9239787,36.02059767,N19-QUPH-019,2907093,Quercus,phellos,Willow oak,14,20-40,RES_MEDIUM_DENSITY,N19,done
-78.91308032,36.01594898,N20-QUPH-001,2249071,Quercus,phellos,Willow oak,24,60-80,RES_HIGH_DENSITY,N20,done
-78.90555874,36.0160241,N20-QUPH-002,2249258,Quercus,phellos,Willow oak,45,60-80,RES_MEDIUM_DENSITY,N20,done
-78.90554667,36.01670858,N20-QUPH-003,2249383,Quercus,phellos,Willow oak,30,60-80,RES_HIGH_DENSITY,N20,done
-78.911875,36.01560946,N20-QUPH-004,2249606,Quercus,phellos,Willow oak,36,60-80,RES_HIGH_DENSITY,N20,done
-78.91185321,36.015914,N20-QUPH-005,2249864,Quercus,phellos,Willow oak,51,60-80,RES_HIGH_DENSITY,N20,done
-78.91308367,36.01546979,N20-QUPH-006,2249976,Quercus,phellos,Willow oak,38,,RES_HIGH_DENSITY,N20,done
-78.91306514,36.01635361,N20-QUPH-007,2249981,Quercus,phellos,Willow oak,25,40-60,RES_HIGH_DENSITY,N20,done
-78.9083792,36.01479571,N20-QUPH-008,2250010,Quercus,phellos,Willow oak,38,60-80,RES_MEDIUM_DENSITY,N20,done
-78.91332205,36.01423234,N20-QUPH-009,2250280,Quercus,phellos,Willow oak,28,20-40,RES_HIGH_DENSITY,N20,done
-78.90836394,36.01560435,N20-QUPH-010,2250296,Quercus,phellos,Willow oak,28,60-80,RES_MEDIUM_DENSITY,N20,done
-78.89749065,36.02153013,N21-QUPH-001,2248669,Quercus,phellos,Willow oak,21,40-60,RES_MEDIUM_DENSITY,N21,done
-78.89701808,36.02078323,N21-QUPH-002,2248788,Quercus,phellos,Willow oak,23,40-60,RES_MEDIUM_DENSITY,N21,done
-78.89732838,36.0209726,N21-QUPH-003,2248791,Quercus,phellos,Willow oak,23,60-80,RES_MEDIUM_DENSITY,N21,done
-78.89712992,36.02095547,N21-QUPH-004,2248885,Quercus,phellos,Willow oak,29,80+,RES_MEDIUM_DENSITY,N21,done
-78.89705122,36.02054918,N21-QUPH-005,2248887,Quercus,phellos,Willow oak,29,60-80,RES_MEDIUM_DENSITY,N21,done
-78.89793456,36.02161691,N21-QUPH-006,2248890,Quercus,phellos,Willow oak,29,80+,RES_MEDIUM_DENSITY,N21,done
-78.89548436,36.01905919,N21-QUPH-007,2248987,Quercus,phellos,Willow oak,34,60-80,RES_HIGH_DENSITY,N21,done
-78.8971889,36.02076977,N21-QUPH-008,2249524,Quercus,phellos,Willow oak,42,80+,RES_MEDIUM_DENSITY,N21,done
-78.89853403,36.02173514,N21-QUPH-009,2249633,Quercus,phellos,Willow oak,35,60-80,RES_MEDIUM_DENSITY,N21,done
-78.89559567,36.01901363,N21-QUPH-010,2249643,Quercus,phellos,Willow oak,35,60-80,RES_HIGH_DENSITY,N21,done
-78.89587134,36.01536436,N21-QUPH-011,2249684,Quercus,phellos,Willow oak,35,60-80,RES_MEDIUM_DENSITY,N21,done
-78.89444903,36.01950067,N21-QUPH-012,2249895,Quercus,phellos,Willow oak,54,80+,RES_HIGH_DENSITY,N21,done
-78.89587986,36.01506128,N21-QUPH-013,2250120,Quercus,phellos,Willow oak,26,60-80,RES_MEDIUM_DENSITY,N21,done
-78.89714196,36.02068842,N21-QUPH-014,2250185,Quercus,phellos,Willow oak,43,80+,RES_MEDIUM_DENSITY,N21,done
-78.89587864,36.0155121,N21-QUPH-015,2250392,Quercus,phellos,Willow oak,29,40-60,RES_MEDIUM_DENSITY,N21,done
-78.91707147,36.01233585,O19-QUPH-001,2248634,Quercus,phellos,Willow oak,22,20-40,RES_HIGH_DENSITY,O19,done
-78.91594362,36.01084361,O19-QUPH-002,2248712,Quercus,phellos,Willow oak,19,40-60,RES_HIGH_DENSITY,O19,done
-78.91577996,36.01144522,O19-QUPH-003,2249173,Quercus,phellos,Willow oak,24,20-40,RES_HIGH_DENSITY,O19,done
-78.91701613,36.0108171,O19-QUPH-004,2249206,Quercus,phellos,Willow oak,36,60-80,RES_HIGH_DENSITY,O19,done
-78.91463801,36.00984672,O19-QUPH-005,2249371,Quercus,phellos,Willow oak,30,60-80,RES_HIGH_DENSITY,O19,done
-78.91460583,36.01064787,O19-QUPH-006,2249483,Quercus,phellos,Willow oak,35,60-80,RES_HIGH_DENSITY,O19,done
-78.9169836,36.01397063,O19-QUPH-007,2249486,Quercus,phellos,Willow oak,41,40-60,RES_HIGH_DENSITY,O19,done
-78.91701747,36.01091447,O19-QUPH-008,2249788,Quercus,phellos,Willow oak,34,60-80,RES_HIGH_DENSITY,O19,done
-78.91599125,36.00994236,O19-QUPH-009,2249809,Quercus,phellos,Willow oak,39,60-80,RES_HIGH_DENSITY,O19,done
-78.91732492,36.01341685,O19-QUPH-010,2250038,Quercus,phellos,Willow oak,25,40-60,RES_HIGH_DENSITY,O19,done
-78.91775072,36.01354323,O19-QUPH-011,2250043,Quercus,phellos,Willow oak,25,20-40,RES_HIGH_DENSITY,O19,done
-78.91586781,36.00985838,O19-QUPH-012,2250133,Quercus,phellos,Willow oak,39,60-80,RES_MEDIUM_DENSITY,O19,done
-78.91776413,36.01344126,O19-QUPH-013,2250309,Quercus,phellos,Willow oak,28,80+,RES_HIGH_DENSITY,O19,done
-78.91697633,36.01181464,O19-QUPH-014,2250342,Quercus,phellos,Willow oak,21,40-60,RES_HIGH_DENSITY,O19,done
-78.91721327,36.01013095,O19-QUPH-015,2303897,Quercus,phellos,Willow oak,14,0-20,RES_HIGH_DENSITY,O19,done
-78.91836762,36.01113821,O19-QUPH-016,2831688,Quercus,phellos,Willow oak,8,20-40,RES_HIGH_DENSITY,O19,done
-78.9183864,36.011046,O19-QUPH-017,2831689,Quercus,phellos,Willow oak,8,20-40,RES_HIGH_DENSITY,O19,check
-78.91608704,36.0098653,O19-QUPH-018,2831740,Quercus,phellos,Willow oak,9,40-60,RES_HIGH_DENSITY,O19,done
-78.91463667,36.01247036,O19-QUPH-019,2832267,Quercus,phellos,Willow oak,31,60-80,RES_HIGH_DENSITY,O19,done
-78.90766948,36.00761123,O20-QULY-001,2304398,Quercus,lyrata,Overcup oak,5,0-20,RES_MEDIUM_DENSITY,O20,phys
-78.90638351,36.00760486,O20-QULY-002,2304403,Quercus,lyrata,Overcup oak,5,0-20,RES_MEDIUM_DENSITY,O20,phys
-78.90887126,36.00546221,O20-QULY-003,2305102,Quercus,lyrata,Overcup oak,6,0-20,RES_MEDIUM_DENSITY,O20,phys
-78.9073424,36.00771878,O20-QULY-004,2836126,Quercus,lyrata,Overcup oak,4,0-20,RES_MEDIUM_DENSITY,O20,replace
-78.90708911,36.00558853,O20-QUBI-001,2836843,Quercus,bicolor,Swamp white oak,3,0-20,RES_HIGH_DENSITY,O20,done
-78.91223609,36.00609254,O20-QUBI-002,2885563,Quercus,bicolor,Swamp white oak,1,0-20,RES_MEDIUM_DENSITY,O20,done
-78.90722573,36.00546113,O20-QUBI-003,2941861,Quercus,bicolor,Swamp white oak,1,0-20,RES_MEDIUM_DENSITY,O20,done
-78.90721065,36.00559235,O20-QUBI-004,2941862,Quercus,bicolor,Swamp white oak,1,0-20,RES_HIGH_DENSITY,O20,replace
-78.90695512,36.00558748,O20-QUBI-005,2941863,Quercus,bicolor,Swamp white oak,1,0-20,RES_HIGH_DENSITY,O20,done
-78.90765923,36.0056005,O20-QUBI-006,2973648,Quercus,bicolor,Swamp white oak,1,0-20,RES_HIGH_DENSITY,O20,done
-78.91340125,36.01046209,O20-QUPH-001,2248620,Quercus,phellos,Willow oak,22,60-80,RES_HIGH_DENSITY,O20,done
-78.90911537,36.0086622,O20-QUPH-002,2248852,Quercus,phellos,Willow oak,22,20-40,RES_MEDIUM_DENSITY,O20,done
-78.90778631,36.00772312,O20-QUPH-003,2249032,Quercus,phellos,Willow oak,23,40-60,RES_MEDIUM_DENSITY,O20,replace
-78.90921727,36.00867454,O20-QUPH-004,2249081,Quercus,phellos,Willow oak,24,20-40,RES_MEDIUM_DENSITY,O20,done
-78.90885383,36.00865935,O20-QUPH-005,2249086,Quercus,phellos,Willow oak,24,40-60,RES_MEDIUM_DENSITY,O20,done
-78.90568346,36.00740742,O20-QUPH-006,2249172,Quercus,phellos,Willow oak,24,40-60,RES_HIGH_DENSITY,O20,done
-78.91232193,36.00919527,O20-QUPH-007,2249190,Quercus,phellos,Willow oak,25,60-80,RES_MEDIUM_DENSITY,O20,done
-78.90740275,36.00547415,O20-QUPH-008,2249199,Quercus,phellos,Willow oak,44,80+,RES_MEDIUM_DENSITY,O20,done
-78.90839249,36.00559918,O20-QUPH-009,2249243,Quercus,phellos,Willow oak,37,60-80,RES_MEDIUM_DENSITY,O20,done
-78.90911669,36.00762168,O20-QUPH-010,2249357,Quercus,phellos,Willow oak,48,80+,RES_MEDIUM_DENSITY,O20,done
-78.90728977,36.00771932,O20-QUPH-011,2249376,Quercus,phellos,Willow oak,21,40-60,RES_MEDIUM_DENSITY,O20,done
-78.90753821,36.00986245,O20-QUPH-012,2249382,Quercus,phellos,Willow oak,30,20-40,RES_MEDIUM_DENSITY,O20,done
-78.91329154,36.01204186,O20-QUPH-013,2249495,Quercus,phellos,Willow oak,35,60-80,RES_HIGH_DENSITY,O20,done
-78.9088203,36.00560081,O20-QUPH-014,2249547,Quercus,phellos,Willow oak,36,80+,RES_MEDIUM_DENSITY,O20,done
-78.90313065,36.00982771,O20-QUPH-015,2249656,Quercus,phellos,Willow oak,34,60-80,RES_HIGH_DENSITY,O20,replace
-78.91052887,36.00546547,O20-QUPH-016,2249683,Quercus,phellos,Willow oak,34,60-80,RES_MEDIUM_DENSITY,O20,done
-78.91217172,36.01079541,O20-QUPH-017,2249721,Quercus,phellos,Willow oak,35,60-80,RES_HIGH_DENSITY,O20,done
-78.90560022,36.01398619,O20-QUPH-018,2249806,Quercus,phellos,Willow oak,39,60-80,RES_MEDIUM_DENSITY,O20,done
-78.91229391,36.01105433,O20-QUPH-019,2249828,Quercus,phellos,Willow oak,49,60-80,RES_HIGH_DENSITY,O20,done
-78.90560871,36.01363268,O20-QUPH-020,2249933,Quercus,phellos,Willow oak,40,60-80,RES_MEDIUM_DENSITY,O20,done
-78.91122893,36.00826365,O20-QUPH-021,2249962,Quercus,phellos,Willow oak,46,80+,RES_MEDIUM_DENSITY,O20,done
-78.90560871,36.01321044,O20-QUPH-022,2250188,Quercus,phellos,Willow oak,27,40-60,RES_MEDIUM_DENSITY,O20,done
-78.90773398,36.00995829,O20-QUPH-023,2250271,Quercus,phellos,Willow oak,27,60-80,RES_MEDIUM_DENSITY,O20,done
-78.91166613,36.00763199,O20-QUPH-024,2250276,Quercus,phellos,Willow oak,28,80+,RES_MEDIUM_DENSITY,O20,done
-78.91155481,36.00974854,O20-QUPH-025,2250372,Quercus,phellos,Willow oak,32,40-60,RES_MEDIUM_DENSITY,O20,done
-78.91027004,36.00772962,O20-QUPH-026,2303675,Quercus,phellos,Willow oak,19,20-40,RES_MEDIUM_DENSITY,O20,replace
-78.91128391,36.00760703,O20-QUPH-027,2303930,Quercus,phellos,Willow oak,30,40-60,RES_MEDIUM_DENSITY,O20,done
-78.91198263,36.005517,O20-QUPH-028,2303943,Quercus,phellos,Willow oak,13,20-40,RES_HIGH_DENSITY,O20,done
-78.91318334,36.01379359,O20-QUPH-029,2832228,Quercus,phellos,Willow oak,11,20-40,RES_HIGH_DENSITY,O20,done
-78.91114781,36.01042458,O20-QUPH-030,2833399,Quercus,phellos,Willow oak,47,20-40,RES_MEDIUM_DENSITY,O20,done
-78.90742958,36.00986462,O20-QUPH-031,2834221,Quercus,phellos,Willow oak,27,20-40,RES_MEDIUM_DENSITY,O20,done
-78.89565641,36.00537716,O21-QULY-001,2304269,Quercus,lyrata,Overcup oak,3,0-20,RES_MEDIUM_DENSITY,O21,phys
-78.90120554,36.00541732,O21-QULY-002,2304289,Quercus,lyrata,Overcup oak,4,0-20,RES_HIGH_DENSITY,O21,phys
-78.89256611,36.00645055,O21-QULY-003,2852281,Quercus,lyrata,Overcup oak,1,0-20,RES_HIGH_DENSITY,O21,phys
-78.89254868,36.00663173,O21-QULY-004,2852285,Quercus,lyrata,Overcup oak,1,0-20,RES_HIGH_DENSITY,O21,phys
-78.8961415,36.0053982,O21-QUBI-001,2304918,Quercus,bicolor,Swamp white oak,2,0-20,RES_MEDIUM_DENSITY,O21,phys
-78.89964587,36.0054076,O21-QUBI-002,2304958,Quercus,bicolor,Swamp white oak,3,0-20,RES_HIGH_DENSITY,O21,phys
-78.89549444,36.00538791,O21-QUBI-003,2974893,Quercus,bicolor,Swamp white oak,1,0-20,RES_MEDIUM_DENSITY,O21,replace
-78.8964057,36.00540254,O21-QUPH-001,2248928,Quercus,phellos,Willow oak,33,60-80,RES_MEDIUM_DENSITY,O21,done
-78.90136778,36.00985811,O21-QUPH-002,2249235,Quercus,phellos,Willow oak,31,40-60,RES_HIGH_DENSITY,O21,done
-78.90027702,36.00992174,O21-QUPH-003,2249384,Quercus,phellos,Willow oak,30,60-80,RES_HIGH_DENSITY,O21,done
-78.90157253,36.0098542,O21-QUPH-004,2249658,Quercus,phellos,Willow oak,35,40-60,RES_HIGH_DENSITY,O21,done
-78.89776155,36.00540797,O21-QUPH-005,2250184,Quercus,phellos,Willow oak,43,60-80,RES_MEDIUM_DENSITY,O21,done
-78.89896754,36.01014505,O21-QUPH-006,2250428,Quercus,phellos,Willow oak,29,80+,RES_HIGH_DENSITY,O21,done
-78.89147982,36.01063594,O22-QUPH-007,2250088,Quercus,phellos,Willow oak,25,60-80,RES_MEDIUM_DENSITY,O22,done
-78.88499347,36.00950734,O22-QUPH-008,2907981,Quercus,phellos,Willow oak,34,80+,RES_HIGH_DENSITY,O22,done
-78.88503087,36.00937476,O22-QUPH-009,2907986,Quercus,phellos,Willow oak,41,80+,RES_HIGH_DENSITY,O22,done
-78.92670125,35.99794783,P18-QULY-001,2853242,Quercus,lyrata,Overcup oak,2,0-20,RES_LOW_DENSITY,P18,phys
-78.92522603,35.9973858,P18-QUBI-001,2853235,Quercus,bicolor,Swamp white oak,2,0-20,RES_LOW_DENSITY,P18,phys
-78.93088281,35.99615104,P18-QUPH-001,2252327,Quercus,phellos,Willow oak,18,20-40,RES_LOW_DENSITY,P18,done
-78.91932651,35.99660133,P19-QUPH-001,2249478,Quercus,phellos,Willow oak,35,60-80,RES_HIGH_DENSITY,P19,done
-78.91942576,35.99674998,P19-QUPH-002,2249802,Quercus,phellos,Willow oak,48,80+,RES_HIGH_DENSITY,P19,done
-78.92043158,35.99675757,P19-QUPH-003,2249825,Quercus,phellos,Willow oak,49,60-80,RES_HIGH_DENSITY,P19,done
-78.91880214,35.99674781,P19-QUPH-004,2249846,Quercus,phellos,Willow oak,50,80+,RES_HIGH_DENSITY,P19,done
-78.92058581,35.99676191,P19-QUPH-005,2249910,Quercus,phellos,Willow oak,56,60-80,RES_HIGH_DENSITY,P19,done
-78.90927896,36.0033922,P20-QULY-001,2305784,Quercus,lyrata,Overcup oak,6,0-20,RES_MEDIUM_DENSITY,P20,unkown
-78.90925616,36.00441853,P20-QULY-002,2305797,Quercus,lyrata,Overcup oak,5,0-20,RES_MEDIUM_DENSITY,P20,unkown
-78.90897453,36.00349472,P20-QUBI-001,2885580,Quercus,bicolor,Swamp white oak,0.5,0-20,RES_MEDIUM_DENSITY,P20,unkown
-78.91124433,36.00357738,P20-QUPH-001,2249358,Quercus,phellos,Willow oak,48,60-80,RES_MEDIUM_DENSITY,P20,unkown
-78.91138785,36.00338704,P20-QUPH-002,2249811,Quercus,phellos,Willow oak,49,80+,RES_MEDIUM_DENSITY,P20,unkown
-78.90882567,36.00452594,P20-QUPH-003,2249997,Quercus,phellos,Willow oak,38,60-80,RES_MEDIUM_DENSITY,P20,unkown
-78.91233701,36.00456418,P20-QUPH-004,2305642,Quercus,phellos,Willow oak,11,20-40,RES_MEDIUM_DENSITY,P20,unkown
-78.93269062,35.99316281,Q18-QUBI-001,2853266,Quercus,bicolor,Swamp white oak,2,0-20,RES_LOW_DENSITY,Q18,phys
-78.9325303,35.99364543,Q18-QUBI-002,2853270,Quercus,bicolor,Swamp white oak,2,0-20,RES_LOW_DENSITY,Q18,replaced
-78.93243575,35.99386537,Q18-QUPH-001,2252316,Quercus,phellos,Willow oak,35,80+,RES_LOW_DENSITY,Q18,done
-78.9319329,35.99471282,Q18-QUPH-002,2252323,Quercus,phellos,Willow oak,33,80+,RES_LOW_DENSITY,Q18,done
-78.87660301,35.99187936,Q23-QULY-001,2640145,Quercus,lyrata,Overcup oak,2,0-20,RES_HIGH_DENSITY,Q23,phys
-78.87635753,35.99000628,Q23-QULY-002,2640151,Quercus,lyrata,Overcup oak,2,0-20,RES_HIGH_DENSITY,Q23,phys
-78.91462833,35.9808003,R19-QULY-001,2270684,Quercus,lyrata,Overcup oak,5,0-20,RES_LOW_DENSITY,R19,done
-78.91852075,35.98009037,R19-QULY-002,2270695,Quercus,lyrata,Overcup oak,4,0-20,RES_LOW_DENSITY,R19,phys
-78.91676232,35.97944416,R19-QULY-003,2270702,Quercus,lyrata,Overcup oak,3,0-20,RES_LOW_DENSITY,R19,replaced
-78.91723439,35.9870265,R19-QULY-004,2997698,Quercus,lyrata,Overcup oak,1,0-20,RES_MEDIUM_DENSITY,R19,phys
-78.91813111,35.98655612,R19-QULY-005,2997701,Quercus,lyrata,Overcup oak,1,0-20,RES_MEDIUM_DENSITY,R19,phys
-78.91827197,35.98649088,R19-QULY-006,2997702,Quercus,lyrata,Overcup oak,1,0-20,RES_MEDIUM_DENSITY,R19,phys
-78.9161548,35.98012787,R19-QUBI-001,2270452,Quercus,bicolor,Swamp white oak,5,0-20,RES_LOW_DENSITY,R19,phys
-78.91625136,35.98167217,R19-QUBI-002,2270688,Quercus,bicolor,Swamp white oak,6,0-20,RES_LOW_DENSITY,R19,phys
-78.91669035,35.98247541,R19-QUBI-003,2270692,Quercus,bicolor,Swamp white oak,5,0-20,RES_LOW_DENSITY,R19,phys
-78.91623795,35.9795592,R19-QUBI-004,2942173,Quercus,bicolor,Swamp white oak,1,0-20,RES_LOW_DENSITY,R19,phys
-78.91584367,35.98001718,R19-QUPH-001,2269122,Quercus,phellos,Willow oak,13,20-40,RES_LOW_DENSITY,R19,done
-78.91795591,35.98330976,R19-QUPH-002,2269239,Quercus,phellos,Willow oak,36,80+,RES_LOW_DENSITY,R19,done
-78.91870189,35.97996074,R19-QUPH-003,2269280,Quercus,phellos,Willow oak,17,40-60,RES_LOW_DENSITY,R19,done
-78.91873646,35.97987307,R19-QUPH-004,2269281,Quercus,phellos,Willow oak,19,40-60,RES_LOW_DENSITY,R19,done
-78.91462284,35.98206869,R19-QUPH-005,2269383,Quercus,phellos,Willow oak,20,60-80,RES_LOW_DENSITY,R19,done
-78.91409335,35.98391547,R19-QUPH-006,2269893,Quercus,phellos,Willow oak,22,40-60,RES_LOW_DENSITY,R19,done
-78.915075,35.98364666,R19-QUPH-007,2270146,Quercus,phellos,Willow oak,25,60-80,RES_LOW_DENSITY,R19,done
-78.91419411,35.98397716,R19-QUPH-008,2270661,Quercus,phellos,Willow oak,7,20-40,RES_LOW_DENSITY,R19,done
-78.91232225,35.98333268,R20-QULY-001,2891851,Quercus,lyrata,Overcup oak,6,20-40,RES_LOW_DENSITY,R20,phys
-78.91085476,35.9823602,R20-QULY-002,2891895,Quercus,lyrata,Overcup oak,2,0-20,RES_LOW_DENSITY,R20,phys
-78.91006619,35.98195107,R20-QULY-003,2891896,Quercus,lyrata,Overcup oak,2,0-20,RES_LOW_DENSITY,R20,phys
-78.91190445,35.97919181,R20-QUBI-001,2270637,Quercus,bicolor,Swamp white oak,5,0-20,RES_LOW_DENSITY,R20,phys
-78.91157627,35.97932912,R20-QUBI-002,2270639,Quercus,bicolor,Swamp white oak,5,0-20,RES_LOW_DENSITY,R20,phys
-78.91032165,35.98318554,R20-QUBI-003,2973621,Quercus,bicolor,Swamp white oak,1,0-20,RES_LOW_DENSITY,R20,phys
-78.91197524,35.98375967,R20-QUPH-001,2268849,Quercus,phellos,Willow oak,34,20-40,RES_LOW_DENSITY,R20,done
-78.90913546,35.98199665,R20-QUPH-002,2269161,Quercus,phellos,Willow oak,38,80+,RES_LOW_DENSITY,R20,done
-78.9118909,35.98375122,R20-QUPH-003,2891892,Quercus,phellos,Willow oak,9,20-40,RES_LOW_DENSITY,R20,done
-78.91368315,35.98306667,R20-QUPH-004,2937414,Quercus,phellos,Willow oak,41,60-80,RES_LOW_DENSITY,R20,done
-78.90260428,35.9857319,R21-QULY-001,2895219,Quercus,lyrata,Overcup oak,3,0-20,RES_HIGH_DENSITY,R21,checkphys
-78.90261769,35.98541286,R21-QULY-002,2895222,Quercus,lyrata,Overcup oak,3,0-20,RES_HIGH_DENSITY,R21,phys
-78.90068248,35.98584476,R21-QULY-003,2910603,Quercus,lyrata,Overcup oak,3,0-20,RES_HIGH_DENSITY,R21,checkphys
-78.90062693,35.98572188,R21-QULY-004,2910614,Quercus,lyrata,Overcup oak,3,0-20,RES_HIGH_DENSITY,R21,phys
-78.9009212,35.9854172,R21-QULY-005,2910621,Quercus,lyrata,Overcup oak,3,0-20,RES_HIGH_DENSITY,R21,phys
-78.90092924,35.98524466,R21-QULY-006,2910624,Quercus,lyrata,Overcup oak,3,0-20,RES_HIGH_DENSITY,R21,phys
-78.90110761,35.98514048,R21-QULY-007,2910626,Quercus,lyrata,Overcup oak,3,0-20,RES_HIGH_DENSITY,R21,phys
-78.9007549,35.9860173,R21-QULY-008,2910653,Quercus,lyrata,Overcup oak,3,0-20,RES_HIGH_DENSITY,R21,phys
-78.90146568,35.98645245,R21-QUPH-001,2910661,Quercus,phellos,Willow oak,3,0-20,RES_HIGH_DENSITY,R21,done
-78.88861666,35.9776471,S22-QUPH-001,2911048,Quercus,phellos,Willow oak,19,60-80,RES_MEDIUM_DENSITY,S22,done
-78.89936645,35.9664551,T21-QUBI-001,2975588,Quercus,bicolor,Swamp white oak,1,0-20,RES_MEDIUM_DENSITY,T21,phys
-78.89958943,35.96646569,T21-QUBI-002,2975591,Quercus,bicolor,Swamp white oak,1,0-20,RES_MEDIUM_DENSITY,T21,phys
-78.89972356,35.96645887,T21-QUBI-003,2975592,Quercus,bicolor,Swamp white oak,1,0-20,RES_MEDIUM_DENSITY,T21,phys
-78.90025391,35.96634327,T21-QUBI-004,2975595,Quercus,bicolor,Swamp white oak,1,0-20,RES_MEDIUM_DENSITY,T21,phys
-78.90072942,35.96625174,T21-QUBI-005,2975598,Quercus,bicolor,Swamp white oak,1,0-20,RES_MEDIUM_DENSITY,T21,phys
-78.90176083,35.96461683,T21-QUBI-006,2975624,Quercus,bicolor,Swamp white oak,1,0-20,RES_MEDIUM_DENSITY,T21,phys
-78.90128464,35.965277,T21-QUBI-007,2975627,Quercus,bicolor,Swamp white oak,1,0-20,RES_MEDIUM_DENSITY,T21,phys
-78.90124703,35.96536012,T21-QUBI-008,2975628,Quercus,bicolor,Swamp white oak,1,0-20,RES_MEDIUM_DENSITY,T21,phys
-78.9011988,35.96546587,T21-QUBI-009,2975629,Quercus,bicolor,Swamp white oak,1,0-20,RES_MEDIUM_DENSITY,T21,phys
-78.90115187,35.96555868,T21-QUBI-010,2975632,Quercus,bicolor,Swamp white oak,1,0-20,RES_MEDIUM_DENSITY,T21,phys